side,p,ci_low,ci_high
1,0.12163,0.11296,0.13162
2,0.19760,0.18527,0.20860
3,0.17461,0.16260,0.18627
4,0.13895,0.12962,0.14930
5,0.23725,0.22458,0.25025
6,0.12996,0.11963,0.13995
