side,p,ci_low,ci_high
1,0.15884,0.14086,0.17782
2,0.16284,0.14186,0.18082
3,0.18182,0.16279,0.20085
4,0.15984,0.14086,0.17782
5,0.17083,0.15285,0.19081
6,0.16583,0.14785,0.18581
