side,p,ci_low,ci_high
1,0.24476,0.22373,0.26773
2,0.24775,0.22577,0.27073
3,0.25874,0.23676,0.28277
4,0.24875,0.22478,0.27073
