side,p,ci_low,ci_high
1,0.11200,0.09867,0.12533
2,0.17800,0.16267,0.19467
3,0.19800,0.18067,0.21467
4,0.21533,0.19733,0.23333
5,0.16800,0.15267,0.18337
6,0.12867,0.11467,0.14200
